place_2010,placenm,avm_2021
0600135,Acalanes Ridge CDP,1283125.5
0600156,Acampo CDP,407598.25
0600212,Acton CDP,688762.0
0600296,Adelanto city,274252.0
0600394,Agoura Hills city,1007401.25
0600450,Agua Dulce CDP,845130.0
0600464,Aguanga CDP,351138.0
0600478,Ahwahnee CDP,357266.75
0600535,Airport CDP,276339.0
0600562,Alameda city,1128277.0
0600618,Alamo CDP,1934795.0
0600674,Albany city,1196345.0
0600716,Albion CDP,504759.5
0600786,Alderpoint CDP,222019.5
0600884,Alhambra city,817805.0
0600898,Alhambra Valley CDP,1181962.0
0600947,Aliso Viejo city,679271.0
0600996,Allendale CDP,770980.75
0601010,Allensworth CDP,176332.0
0601150,Alondra Park CDP,735159.0
0601164,Alpaugh CDP,155144.5
0601192,Alpine CDP,771260.0
0601228,Alpine Village CDP,389685.0
0601290,Altadena CDP,997071.0
0601360,Alta Sierra CDP,489472.0
0601416,Alto CDP,1465919.75
0601444,Alturas city,345521.0
0601458,Alum Rock CDP,837491.0
0601640,American Canyon city,607345.25
0601651,Amesti CDP,723382.75
0602000,Anaheim city,673934.5
0602028,Anchor Bay CDP,600041.0
0602042,Anderson city,240079.75
0602112,Angels city,367546.0
0602168,Angwin CDP,743154.0
0602210,Antelope CDP,435753.5
0602252,Antioch city,514760.5
0602294,Anza CDP,312525.5
0602364,Apple Valley town,342618.25
0602378,Aptos CDP,1082757.5
0602382,Aptos Hills-Larkin Valley CDP,1136475.5
0602420,Arbuckle CDP,368571.5
0602462,Arcadia city,1359761.75
0602476,Arcata city,421125.25
0602553,Arden-Arcade CDP,469947.5
0602700,Armona CDP,215014.0
0602770,Arnold CDP,307078.5
0602812,Aromas CDP,799244.5
0602868,Arroyo Grande city,652768.0
0602896,Artesia city,694695.0
0602924,Arvin city,213580.0
0602980,Ashland CDP,684289.0
0603026,Aspen Springs CDP,1300564.5
0603064,Atascadero city,585443.5
0603092,Atherton town,4124263.5
0603162,Atwater city,292848.5
0603190,Auberry CDP,321082.5
0603204,Auburn city,515197.75
0603205,Auburn Lake Trails CDP,500034.5
0603209,August CDP,263702.0
0603302,Avenal city,159778.0
0603330,Avilla Beach CDP,1080455.5
0603344,Avocado Heights CDP,642087.75
0603386,Azusa city,573961.5
0603526,Bakersfield city,277120.5
0603666,Baldwin Park city,549101.0
0603694,Ballard CDP,1156174.25
0603708,Ballico CDP,332930.0
0603792,Bangor CDP,395411.0
0603820,Banning city,290338.0
0604030,Barstow city,189626.0
0604198,Bass Lake CDP,465486.0
0604415,Bay Point CDP,429836.5
0604470,Bayview CDP,621534.0
0604478,Bayview CDP,307400.0
0604632,Bear Creek CDP,239818.5
0604716,Bear Valley CDP,1137571.0
0604730,Bear Valley CDP,278589.0
0604734,Bear Valley Springs CDP,397833.0
0604758,Beaumont city,388668.75
0604772,Beckwourth CDP,318183.0
0604870,Bell city,599651.0
0604926,Bella Vista CDP,388730.5
0604938,Bell Canyon CDP,1552226.25
0604982,Bellflower city,633771.5
0604996,Bell Gardens city,687119.0
0605108,Belmont city,1919599.0
0605164,Belvedere city,3394700.5
0605262,Benbow CDP,422601.25
0605276,Bend CDP,354479.75
0605290,Benicia city,682280.0
0605332,Ben Lomond CDP,817691.75
0605346,Benton CDP,361075.0
0606000,Berkeley city,1257328.0
0606028,Bermuda Dunes CDP,497886.75
0606070,Berry Creek CDP,219591.75
0606150,Bertsch-Oceanview CDP,244903.0
0606210,Bethel Island CDP,557898.25
0606308,Beverly Hills city,2799923.0
0606336,Bieber CDP,90175.5
0606406,Big Bear City CDP,329168.5
0606434,Big Bear Lake city,523105.5
0606475,Big Bend CDP,325361.0
0606560,Biggs city,293456.0
0606567,Big Lagoon CDP,444800.0
0606616,Big Pine CDP,310966.5
0606635,Big River CDP,252197.0
0606728,Biola CDP,205003.0
0606798,Bishop city,363565.5
0606928,Blackhawk CDP,1700695.5
0606935,Blacklake CDP,746065.0
0606982,Black Point-Green Point CDP,913785.25
0606994,Blairsden CDP,200832.0
0607036,Bloomfield CDP,839738.0
0607064,Bloomington CDP,391233.0
0607162,Blue Lake city,380097.5
0607218,Blythe city,199284.0
0607246,Bodega CDP,1022523.75
0607260,Bodega Bay CDP,946852.0
0607274,Bodfish CDP,139915.5
0607316,Bolinas CDP,1396554.0
0607372,Bombay Beach CDP,81487.0
0607379,Bonadelle Ranchos-Madera Ranchos CDP,408680.5
0607414,Bonita CDP,838332.0
0607470,Bonny Doon CDP,1067111.0
0607498,Bonsall CDP,948059.5
0607512,Boonville CDP,525275.0
0607525,Bootjack CDP,341660.0
0607568,Boron CDP,114784.75
0607578,Boronda CDP,480338.25
0607596,Borrego Springs CDP,370232.5
0607624,Bostonia CDP,577526.5
0607652,Boulder Creek CDP,703145.5
0607694,Boulevard CDP,372839.75
0607750,Bowles CDP,292237.0
0607848,Boyes Hot Springs CDP,641173.5
0607946,Bradbury city,2103163.0
0607974,Bradley CDP,400505.5
0608058,Brawley city,243962.25
0608100,Brea city,789889.5
0608142,Brentwood city,685760.0
0608172,Bret Harte CDP,254389.0
0608240,Bridgeport CDP,358242.5
0608310,Brisbane city,1192811.75
0608338,Broadmoor CDP,1135468.0
0608478,Brookdale CDP,810062.0
0608530,Brooktrails CDP,362868.5
0608680,Buckhorn CDP,303319.5
0608716,Buck Meadows CDP,311664.0
0608744,Bucks Lake CDP,357926.0
0608758,Buellton city,714226.5
0608786,Buena Park city,680784.0
0608828,Buena Vista CDP,222028.0
0608954,Burbank city,988147.5
0608968,Burbank CDP,994202.5
0609066,Burlingame city,2275947.0
0609122,Burney CDP,178807.0
0609150,Burnt Ranch CDP,342412.5
0609310,Butte Creek Canyon CDP,512813.5
0609318,Butte Meadows CDP,251532.5
0609324,Butte Valley CDP,539421.0
0609332,Buttonwillow CDP,183358.0
0609346,Byron CDP,701505.0
0609353,Bystrom CDP,279987.0
0609360,Cabazon CDP,221755.75
0609598,Calabasas city,1294328.5
0609710,Calexico city,253569.0
0609780,California City city,201183.75
0609822,California Hot Springs CDP,287094.0
0609834,California Pines CDP,325026.75
0609864,Calimesa city,395506.0
0609878,Calipatria city,168211.5
0609892,Calistoga city,775108.75
0609948,Callender CDP,846922.75
0609990,Calpella CDP,454397.5
0610004,Calpine CDP,372889.5
0610031,Calwa CDP,168117.75
0610042,Camanche North Shore CDP,328241.5
0610044,Camanche Village CDP,389019.0
0610046,Camarillo city,696770.25
0610074,Cambria CDP,786706.5
0610088,Cambrian Park CDP,1564016.0
0610256,Cameron Park CDP,565845.0
0610270,Camino CDP,376731.0
0610301,Camino Tassajara CDP,1639950.5
0610345,Campbell city,1467260.0
0610494,Camp Nelson CDP,263301.0
0610508,Campo CDP,397494.5
0610676,Camptonville CDP,179227.5
0610732,Canby CDP,330841.0
0610914,Canyondam CDP,62688.0
0610928,Canyon Lake city,531167.5
0611040,Capitola city,1155168.0
0611194,Carlsbad city,1042316.0
0611250,Carmel-by-the-Sea city,1875867.5
0611324,Carmel Valley Village CDP,1107185.0
0611376,Carmet CDP,727041.0
0611390,Carmichael CDP,479310.75
0611418,Carnelian Bay CDP,830562.5
0611446,Carpinteria city,1007738.0
0611481,Carrick CDP,146034.5
0611530,Carson city,627368.5
0611614,Caruthers CDP,248693.0
0611656,Casa Conejo CDP,714411.75
0611691,Casa de Oro-Mount Helix CDP,859324.5
0611768,Caspar CDP,633875.0
0611782,Cassel CDP,237009.5
0611796,Castaic CDP,634265.0
0611915,Castle Hill CDP,1584007.0
0611964,Castro Valley CDP,946292.25
0611978,Castroville CDP,483804.0
0612048,Cathedral City city,397079.5
0612062,Catheys Valley CDP,415073.0
0612132,Cayucos CDP,971839.5
0612146,Cazadero CDP,497268.0
0612300,Cedar Ridge CDP,305101.0
0612412,Centerville CDP,430447.25
0612524,Ceres city,367839.5
0612552,Cerritos city,849390.0
0612594,Chalfant CDP,357884.0
0612612,Challenge-Brownsville CDP,289004.75
0612669,Channel Islands Beach CDP,1049192.0
0612734,Charter Oak CDP,635100.5
0612818,Cherokee CDP,254900.5
0612860,Cherokee Strip CDP,179098.5
0612902,Cherryland CDP,712956.5
0612916,Cherry Valley CDP,384451.25
0613014,Chico city,383731.0
0613077,Chilcoot-Vinton CDP,352039.0
0613157,China Lake Acres CDP,160843.25
0613182,Chinese Camp CDP,369070.0
0613210,Chino city,566432.0
0613214,Chino Hills city,737919.5
0613294,Chowchilla city,237717.0
0613364,Chualar CDP,540969.5
0613392,Chula Vista city,626272.25
0613560,Citrus CDP,556665.5
0613588,Citrus Heights city,412766.75
0613756,Claremont city,804361.5
0613784,Clarksburg CDP,610901.0
0613854,Clay CDP,631821.0
0613882,Clayton city,956909.5
0613910,Clear Creek CDP,198740.75
0613945,Clearlake city,128322.0
0613966,Clearlake Oaks CDP,142174.0
0613985,Clearlake Riviera CDP,268705.0
0614008,Cleone CDP,573378.0
0614148,Clipper Mills CDP,228262.0
0614190,Cloverdale city,531713.5
0614218,Clovis city,363835.75
0614232,Clyde CDP,542531.0
0614260,Coachella city,288825.5
0614274,Coalinga city,192531.0
0614288,Coarsegold CDP,368961.25
0614302,Cobb CDP,348277.0
0614406,Coffee Creek CDP,271449.0
0614442,Cohasset CDP,306171.0
0614450,Cold Springs CDP,527203.0
0614454,Cold Springs CDP,340320.0
0614484,Coleville CDP,358779.0
0614498,Colfax city,357814.0
0614554,College City CDP,331874.0
0614708,Collierville CDP,548096.5
0614736,Colma town,1125309.25
0614764,Coloma CDP,600207.0
0614890,Colton city,357277.0
0614904,Columbia CDP,332038.0
0614946,Colusa city,285187.0
0614974,Commerce city,562373.0
0615044,Compton city,495877.0
0616000,Concord city,714676.0
0616035,Concow CDP,151335.0
0616210,Copperopolis CDP,412220.25
0616224,Corcoran city,181968.0
0616322,Corning city,233585.0
0616350,Corona city,579391.0
0616378,Coronado city,1792591.0
0616420,Coronita CDP,556389.0
0616434,Corralitos CDP,1035756.75
0616462,Corte Madera town,1473271.5
0616532,Costa Mesa city,914415.0
0616560,Cotati city,622758.0
0616580,Coto de Caza CDP,1289401.0
0616630,Cottonwood CDP,253924.5
0616644,Coultervillle CDP,261998.0
0616651,Country Club CDP,318695.5
0616714,Courtland CDP,437735.0
0616728,Covelo CDP,372554.0
0616742,Covina city,653205.0
0616762,Cowan CDP,327624.0
0617022,Crescent City city,265791.5
0617078,Cressey CDP,483023.0
0617106,Crest CDP,610483.5
0617162,Crestline CDP,326351.0
0617204,Crestmore Heights CDP,413234.0
0617232,Creston CDP,524016.5
0617274,Crockett CDP,617522.0
0617288,Cromberg CDP,394573.5
0617372,Crowley Lake CDP,697140.0
0617428,Crows Landing CDP,258301.75
0617498,Cudahy city,609612.0
0617568,Culver City city,1419246.25
0617610,Cupertino city,2246778.5
0617708,Cutler CDP,187947.0
0617722,Cutten CDP,391427.75
0617727,Cuyama CDP,511625.75
0617750,Cypress city,786065.0
0617918,Daly City city,1128807.25
0617946,Dana Point city,1074390.0
0617988,Danville town,1437483.0
0617995,Daphnedale Park CDP,303387.0
0618086,Davenport CDP,994873.25
0618100,Davis city,728313.5
0618153,Day Valley CDP,1166208.0
0618324,Deer Park CDP,1287927.5
0618352,Del Aire CDP,833666.75
0618394,Delano city,237074.75
0618450,Delft Colony CDP,221682.5
0618464,Delhi CDP,313288.0
0618485,Delleker CDP,347821.0
0618506,Del Mar city,2165401.0
0618590,Del Monte Forest CDP,1909744.0
0618674,Del Rey CDP,272172.0
0618688,Del Rey Oaks city,746063.0
0618695,Del Rio CDP,743993.5
0618856,Denair CDP,376267.0
0618926,Derby Acres CDP,166834.0
0618940,Descanso CDP,570467.25
0618982,Desert Center CDP,224885.25
0618986,Desert Edge CDP,224498.5
0618996,Desert Hot Springs city,285189.5
0619022,Desert Palms CDP,470824.0
0619024,Desert Shores CDP,137171.5
0619052,Desert View Highlands CDP,330529.5
0619150,Diablo CDP,2397638.5
0619155,Diablo Grande CDP,461777.75
0619192,Diamond Bar city,755299.25
0619220,Diamond Springs CDP,436343.5
0619318,Dinuba city,241017.0
0619339,Discovery Bay CDP,722990.0
0619402,Dixon city,490963.25
0619406,Dixon Lane-Meadow Creek CDP,207340.75
0619416,Dobbins CDP,357250.0
0619440,Dogtown CDP,688121.5
0619455,Dollar Point CDP,1047365.0
0619570,Dorrington CDP,262004.0
0619612,Dos Palos city,264939.5
0619654,Dos Palos Y CDP,289306.75
0619766,Downey city,716199.0
0619878,Doyle CDP,193582.0
0619976,Drytown CDP,840910.5
0619990,Duarte city,602556.0
0620018,Dublin city,1036626.0
0620032,Ducor CDP,173694.0
0620228,Dunnigan CDP,359962.0
0620242,Dunsmuir city,217212.0
0620270,Durham CDP,529731.5
0620284,Dustin Acres CDP,216618.5
0620298,Dutch Flat CDP,315821.0
0620424,Eagleville CDP,337579.0
0620438,Earlimart CDP,206160.25
0620598,East Foothills CDP,1095741.0
0620697,East Hemet CDP,335471.0
0620746,East La Mirada CDP,697048.5
0620802,East Los Angeles CDP,602064.25
0620900,East Nicolaus CDP,351882.5
0620907,East Oakdale CDP,713661.25
0620928,Easton CDP,294653.0
0620942,East Orosi CDP,173513.25
0620956,East Palo Alto city,972239.5
0620984,East Pasadena CDP,1132690.0
0621012,East Porterville CDP,184584.0
0621026,East Quincy CDP,377748.5
0621034,East Rancho Dominguez CDP,485328.5
0621061,East Richmond Heights CDP,810728.0
0621096,East San Gabriel CDP,951917.0
0621138,East Shore CDP,465852.0
0621188,East Sonora CDP,349846.0
0621210,East Tulare Villa CDP,204940.0
0621230,Eastvale CDP,716520.0
0621530,Edgewood CDP,194546.75
0621558,Edmundson Acres CDP,192075.0
0621565,Edna CDP,1225612.75
0621712,El Cajon city,586151.0
0621782,El Centro city,240070.5
0621796,El Cerrito city,1017650.0
0621810,El Cerrito CDP,550103.0
0621880,El Dorado Hills CDP,772159.5
0621894,Eldridge CDP,697846.5
0621936,El Granada CDP,1483912.5
0621964,Elizabeth Lake CDP,383829.25
0622020,Elk Grove city,530127.75
0622034,Elkhorn CDP,746518.0
0622146,Elmira CDP,536714.0
0622230,El Monte city,624163.5
0622286,El Nido CDP,352195.0
0622300,El Paso de Robles (Paso Robles) city,546846.0
0622360,El Rancho CDP,192308.5
0622370,El Rio CDP,565819.0
0622412,El Segundo city,1502223.75
0622454,El Sobrante CDP,663470.0
0622457,El Sobrante CDP,707561.0
0622510,El Verano CDP,742835.75
0622524,Elverta CDP,407133.5
0622587,Emerald Lake Hills CDP,2441230.0
0622594,Emeryville city,812545.0
0622622,Empire CDP,285086.5
0622678,Encinitas city,1428468.5
0622790,Escalon city,421349.0
0622804,Escondido city,569559.5
0622846,Esparto CDP,379493.5
0622972,Etna city,254762.0
0623000,Eucalyptus Hills CDP,708662.0
0623042,Eureka city,322073.0
0623126,Exeter city,241188.0
0623150,Fairbanks Ranch CDP,2610721.0
0623168,Fairfax town,1086570.5
0623182,Fairfield city,494445.5
0623210,Fairmead CDP,267389.0
0623294,Fair Oaks CDP,576720.0
0623350,Fairview CDP,866254.0
0623462,Fallbrook CDP,650320.0
0623532,Fall River Mills CDP,167775.0
0623616,Farmersville city,197498.5
0623630,Farmington CDP,444487.0
0623826,Felton CDP,801545.0
0623910,Ferndale city,409980.0
0623973,Fetters Hot Springs-Agua Caliente CDP,711465.0
0623980,Fiddletown CDP,284651.0
0624008,Fieldbrook CDP,433367.0
0624022,Fields Landing CDP,280714.0
0624092,Fillmore city,514357.0
0624134,Firebaugh city,230712.0
0624218,Fish Camp CDP,378376.0
0624477,Florence-Graham CDP,496671.25
0624498,Florin CDP,358134.25
0624526,Floriston CDP,383496.25
0624568,Flournoy CDP,286306.0
0624638,Folsom city,620448.0
0624680,Fontana city,466498.0
0624722,Foothill Farms CDP,369491.0
0624750,Forbestown CDP,218315.5
0624764,Ford City CDP,128456.5
0624834,Foresthill CDP,360506.0
0624897,Forest Meadows CDP,478147.0
0624918,Forest Ranch CDP,369059.0
0624960,Forestville CDP,567042.0
0625058,Fort Bragg city,441343.5
0625128,Fort Jones city,270945.0
0625296,Fortuna city,347114.25
0625300,Fort Washington CDP,545131.5
0625338,Foster City city,1855019.5
0625380,Fountain Valley city,923930.5
0625436,Fowler city,277068.0
0625488,Franklin CDP,283113.0
0625506,Franklin CDP,507274.5
0625534,Frazier Park CDP,255993.5
0625576,Freedom CDP,623771.25
0625590,Freeport CDP,370070.25
0626000,Fremont city,1168033.0
0626028,French Camp CDP,427938.0
0626056,French Gulch CDP,331261.0
0626067,French Valley CDP,563420.5
0627000,Fresno city,269637.0
0627014,Friant CDP,344370.0
0627080,Fruitdale CDP,1243267.0
0627130,Fruitridge Pocket CDP,310434.0
0627190,Fuller Acres CDP,229742.25
0628000,Fullerton city,719293.0
0628014,Fulton CDP,688755.0
0628112,Galt city,417289.0
0628154,Garberville CDP,375837.0
0628168,Gardena city,680143.0
0628182,Garden Acres CDP,279883.5
0628210,Garden Farms CDP,653963.0
0629000,Garden Grove city,719197.0
0629070,Garey CDP,533920.5
0629112,Garnet CDP,261125.75
0629154,Gasquet CDP,353872.0
0629350,Georgetown CDP,424575.5
0629392,Gerber CDP,173152.5
0629420,Geyserville CDP,656222.5
0629504,Gilroy city,783637.0
0629644,Glen Avon CDP,454937.5
0630000,Glendale city,990115.0
0630014,Glendora city,706529.0
0630028,Glen Ellen CDP,852453.0
0630282,Golden Hills CDP,347055.25
0630345,Gold River CDP,613842.5
0630378,Goleta city,960512.0
0630392,Gonzales city,492170.75
0630410,Good Hope CDP,324488.0
0630476,Goshen CDP,190416.5
0630560,Graeagle CDP,438341.0
0630658,Grand Terrace city,441835.0
0630686,Grangeville CDP,405475.0
0630693,Granite Bay CDP,950741.25
0630703,Granite Hills CDP,788476.0
0630714,Graniteville CDP,239926.75
0630798,Grass Valley city,431241.5
0630812,Graton CDP,788487.0
0630882,Grayson CDP,286564.5
0630900,Greeley Hill CDP,273977.5
0630938,Greenacres CDP,291552.5
0630944,Green Acres CDP,268066.0
0630987,Greenfield CDP,229460.75
0630994,Greenfield city,407463.0
0631029,Greenhorn CDP,345645.0
0631092,Green Valley CDP,409402.0
0631099,Green Valley CDP,821635.5
0631134,Greenview CDP,210535.5
0631162,Greenville CDP,326641.0
0631246,Grenada CDP,212460.0
0631260,Gridley city,259165.0
0631302,Grizzly Flats CDP,322069.5
0631372,Groveland CDP,273547.5
0631393,Grover Beach city,600285.5
0631414,Guadalupe city,349156.0
0631470,Guerneville CDP,515293.0
0631540,Guinda CDP,471287.0
0631568,Gustine city,305268.5
0631596,Hacienda Heights CDP,790990.0
0631708,Half Moon Bay city,1340793.0
0631883,Hamilton Branch CDP,422691.25
0631960,Hanford city,246601.0
0632030,Happy Camp CDP,138541.25
0632044,Harbison Canyon CDP,721902.75
0632156,Hardwick CDP,217957.75
0632324,Hartland CDP,212847.5
0632340,Hartley CDP,699526.0
0632385,Hasley Canyon CDP,1035700.0
0632408,Hat Creek CDP,260289.0
0632506,Hawaiian Gardens city,543826.0
0632548,Hawthorne city,749718.0
0632562,Hayfork CDP,146492.0
0633000,Hayward city,737581.0
0633056,Healdsburg city,778945.0
0633084,Heber CDP,224711.5
0633182,Hemet city,282800.0
0633294,Herald CDP,631692.0
0633308,Hercules city,756936.0
0633364,Hermosa Beach city,1975462.0
0633434,Hesperia city,340252.0
0633504,Hickman CDP,430208.0
0633518,Hidden Hills city,2622252.75
0633532,Hidden Meadows CDP,840120.25
0633549,Hidden Valley Lake CDP,318929.75
0633574,Highgrove CDP,369403.0
0633588,Highland city,382839.0
0633633,Highlands-Baywood Park CDP,2098891.5
0633798,Hillsborough town,4734965.0
0633861,Hilmar-Irwin CDP,367319.25
0633935,Hiouchi CDP,456073.0
0634120,Hollister city,596871.0
0634246,Holtville city,231475.0
0634281,Home Garden CDP,139472.0
0634302,Home Gardens CDP,465884.25
0634316,Homeland CDP,236066.5
0634392,Homestead Valley CDP,222662.0
0634428,Honcut CDP,214326.0
0634652,Hopland CDP,505033.25
0634694,Hornbrook CDP,172048.5
0634904,Hughson city,422193.5
0634928,Humboldt Hill CDP,323456.75
0636000,Huntington Beach city,951714.5
0636056,Huntington Park city,595581.5
0636126,Hydesville CDP,424484.0
0636203,Idyllwild-Pine Cove CDP,440330.0
0636280,Imperial city,247894.0
0636294,Imperial Beach city,681328.0
0636350,Independence CDP,240582.0
0636364,Indian Falls CDP,320445.5
0636420,Indianola CDP,434456.5
0636434,Indian Wells city,858704.5
0636448,Indio city,377958.0
0636452,Indio Hills CDP,271164.0
0636490,Industry city,565602.0
0636546,Inglewood city,706641.5
0636613,Interlaken CDP,648415.0
0636616,Inverness CDP,1005455.0
0636658,Inyokern CDP,190881.0
0636672,Ione city,322437.5
0636735,Iron Horse CDP,271749.0
0636770,Irvine city,1008335.5
0636826,Irwindale city,582368.0
0636868,Isla Vista CDP,1454253.0
0636882,Isleton city,361047.0
0636910,Ivanhoe CDP,188807.0
0636980,Jackson city,346491.5
0637022,Jacumba CDP,267629.5
0637106,Jamestown CDP,290907.0
0637120,Jamul CDP,859411.5
0637134,Janesville CDP,292998.25
0637274,Jenner CDP,805593.0
0637484,Johnstonville CDP,220880.0
0637512,Johnsville CDP,358439.5
0637554,Joshua Tree CDP,324571.5
0637582,Julian CDP,454404.0
0637596,Junction City CDP,307583.0
0637624,June Lake CDP,593201.75
0637904,Keddie CDP,371192.5
0637946,Keene CDP,462005.0
0638024,Kelly Ridge CDP,217601.0
0638044,Kelseyville CDP,289838.0
0638065,Kennedy CDP,286976.5
0638076,Kennedy Meadows CDP,363061.5
0638086,Kensington CDP,1309356.5
0638114,Kentfield CDP,2250884.75
0638156,Kenwood CDP,819241.5
0638226,Kerman city,286434.25
0638310,Kernville CDP,291412.0
0638352,Keswick CDP,203416.75
0638394,Kettleman City CDP,268595.75
0638422,Keyes CDP,313040.5
0638520,King City city,364074.5
0638548,Kings Beach CDP,598865.0
0638562,Kingsburg city,292466.0
0638646,Kirkwood CDP,541815.5
0638702,Klamath CDP,220419.25
0638772,Knightsen CDP,802343.25
0639003,La Caada Flintridge city,1874364.0
0639045,La Crescenta-Montrose CDP,1018907.0
0639094,Ladera CDP,3052428.5
0639108,Ladera Heights CDP,1450521.5
0639114,Ladera Ranch CDP,858536.5
0639122,Lafayette city,1626338.75
0639178,Laguna Beach city,1783812.0
0639220,Laguna Hills city,857971.0
0639248,Laguna Niguel city,977143.0
0639259,Laguna Woods city,469075.0
0639283,Lagunitas-Forest Knolls CDP,877917.0
0639290,La Habra city,665320.0
0639304,La Habra Heights city,1109600.75
0639318,La Honda CDP,1048793.5
0639411,Lake Almanor Country Club CDP,475824.0
0639420,Lake Almanor Peninsula CDP,476688.0
0639425,Lake Almanor West CDP,530368.0
0639444,Lake Arrowhead CDP,443430.75
0639460,Lake California CDP,345484.5
0639472,Lake City CDP,743140.0
0639483,Lake Davis CDP,380975.5
0639484,Lake Don Pedro CDP,347712.0
0639486,Lake Elsinore city,419345.0
0639496,Lake Forest city,811020.25
0639514,Lakehead CDP,223945.0
0639556,Lake Hughes CDP,370273.0
0639570,Lake Isabella CDP,152373.0
0639598,Lakeland Village CDP,363427.75
0639612,Lake Los Angeles CDP,286228.25
0639645,Lake Mathews CDP,645896.5
0639670,Lake Nacimiento CDP,453859.5
0639690,Lake of the Pines CDP,551877.25
0639696,Lake of the Woods CDP,249888.75
0639710,Lakeport city,286725.5
0639715,Lake Riverside CDP,427098.0
0639724,Lake San Marcos CDP,733946.25
0639735,Lake Sherwood CDP,1665383.5
0639766,Lakeside CDP,600057.0
0639836,Lakeview CDP,381573.5
0639885,Lake Wildwood CDP,449324.0
0639892,Lakewood city,699659.0
0640004,La Mesa city,669333.5
0640032,La Mirada city,685922.5
0640088,Lamont CDP,168533.0
0640116,Lanare CDP,153726.0
0640130,Lancaster city,364890.5
0640256,La Palma city,859089.75
0640326,La Presa CDP,560052.5
0640340,La Puente city,554824.0
0640354,La Quinta city,462894.5
0640410,La Riviera CDP,421335.75
0640426,Larkfield-Wikiup CDP,715807.0
0640438,Larkspur city,1844802.5
0640508,La Selva Beach CDP,1223643.25
0640526,Las Flores CDP,957054.5
0640536,Las Flores CDP,146795.5
0640592,Las Lomas CDP,641057.5
0640704,Lathrop city,475586.5
0640746,Laton CDP,213030.0
0640830,La Verne city,728830.75
0640872,La Vina CDP,245685.5
0640886,Lawndale city,768981.0
0640928,Laytonville CDP,352552.0
0640956,Lebec CDP,252593.0
0640998,Lee Vining CDP,457405.75
0641026,Leggett CDP,525998.0
0641040,Le Grand CDP,237457.0
0641110,Lemon Cove CDP,265649.0
0641124,Lemon Grove city,573858.5
0641142,Lemon Hill CDP,308922.0
0641152,Lemoore city,274132.75
0641180,Lennox CDP,641766.25
0641194,Lenwood CDP,169610.0
0641208,Leona Valley CDP,545711.75
0641278,Lewiston CDP,298458.0
0641282,Lexington Hills CDP,1183484.5
0641474,Lincoln city,540739.0
0641558,Lincoln Village CDP,360537.0
0641572,Linda CDP,289853.0
0641656,Lindcove CDP,259778.5
0641670,Linden CDP,507529.5
0641712,Lindsay city,208927.5
0641782,Litchfield CDP,99988.0
0641866,Little River CDP,655519.0
0641880,Littlerock CDP,343417.0
0641922,Live Oak CDP,998990.25
0641936,Live Oak city,275600.25
0641992,Livermore city,903312.0
0642006,Livingston city,292532.0
0642104,Lockeford CDP,424377.5
0642146,Lockwood CDP,696887.25
0642202,Lodi city,404326.75
0642230,Lodoga CDP,194825.0
0642328,Loleta CDP,347269.5
0642370,Loma Linda city,524453.5
0642384,Loma Mar CDP,1163400.0
0642412,Loma Rica CDP,429915.0
0642468,Lomita city,789332.5
0642510,Lompico CDP,634104.0
0642524,Lompoc city,406884.0
0642566,London CDP,139490.5
0642580,Lone Pine CDP,226074.25
0643000,Long Beach city,748408.0
0643140,Loomis town,578374.5
0643224,Los Alamitos city,813623.0
0643252,Los Alamos CDP,665373.0
0643280,Los Altos city,3230191.5
0643294,Los Altos Hills town,3981019.0
0644000,Los Angeles city,846331.0
0644028,Los Banos city,356830.75
0644042,Los Berros CDP,804116.0
0644112,Los Gatos town,2250307.0
0644140,Los Molinos CDP,199642.0
0644168,Los Olivos CDP,1237706.5
0644182,Los Osos CDP,674053.0
0644242,Los Ranchos CDP,1194065.0
0644280,Lost Hills CDP,214937.0
0644350,Lower Lake CDP,237309.0
0644364,Loyalton city,225757.0
0644378,Loyola CDP,3540784.5
0644399,Lucas Valley-Marinwood CDP,1261324.25
0644406,Lucerne CDP,187839.0
0644420,Lucerne Valley CDP,235439.5
0644574,Lynwood city,544502.5
0644644,Lytle Creek CDP,341349.0
0644672,Mabie CDP,361988.0
0644700,McArthur CDP,153382.75
0644770,McClenney Tract CDP,190769.5
0644826,McFarland city,193746.0
0644830,McGee Creek CDP,775805.0
0644910,McKinleyville CDP,396646.0
0645006,McSwain CDP,491476.75
0645022,Madera city,253236.25
0645050,Madera Acres CDP,323285.0
0645064,Madison CDP,550012.0
0645092,Mad River CDP,262857.25
0645120,Magalia CDP,220515.0
0645232,Malaga CDP,211864.0
0645246,Malibu city,2562317.0
0645358,Mammoth Lakes town,728110.0
0645386,Manchester CDP,460782.0
0645400,Manhattan Beach city,2492647.75
0645414,Manila CDP,286007.5
0645484,Manteca city,446419.0
0645512,Manton CDP,248940.25
0645736,Maricopa city,126407.0
0645778,Marina city,671930.0
0645806,Marina del Rey CDP,1348633.0
0645820,Marin City CDP,1017994.5
0645932,Mariposa CDP,320254.0
0646100,Martell CDP,324132.5
0646114,Martinez city,713322.0
0646170,Marysville city,263257.5
0646223,Matheny CDP,161834.5
0646226,Mather CDP,513299.5
0646400,Mayfair CDP,215191.25
0646436,Mayflower Village CDP,771167.5
0646492,Maywood city,555631.0
0646520,Meadowbrook CDP,340274.25
0646618,Meadow Valley CDP,208292.0
0646632,Meadow Vista CDP,546761.0
0646646,Mead Valley CDP,355549.5
0646660,Mecca CDP,252087.0
0646702,Meiners Oaks CDP,698846.0
0646814,Mendocino CDP,596163.5
0646828,Mendota city,201874.75
0646842,Menifee city,418434.0
0646870,Menlo Park city,2382628.5
0646884,Mentone CDP,409916.5
0646898,Merced city,267048.0
0646926,Meridian CDP,296889.5
0647013,Mesa CDP,442682.0
0647066,Mesa Verde CDP,178868.75
0647086,Mesa Vista CDP,554103.75
0647164,Mettler CDP,188593.0
0647192,Mexican Colony CDP,179285.0
0647332,Middletown CDP,352918.0
0647374,Midpines CDP,341585.5
0647430,Midway City CDP,754617.0
0647472,Milford CDP,159883.5
0647486,Millbrae city,1829019.0
0647710,Mill Valley city,1899271.5
0647724,Millville CDP,434805.0
0647766,Milpitas city,1167578.5
0647822,Minkler CDP,400328.0
0647976,Mira Loma CDP,519768.5
0648046,Mira Monte CDP,769548.0
0648060,Miranda CDP,336162.0
0648147,Mission Canyon CDP,1555196.0
0648186,Mission Hills CDP,406004.0
0648256,Mission Viejo city,848193.75
0648298,Mi-Wuk Village CDP,330748.5
0648354,Modesto city,366962.5
0648452,Mojave CDP,164967.25
0648480,Mokelumne Hill CDP,301507.0
0648592,Monmouth CDP,228146.0
0648602,Mono City CDP,458750.0
0648641,Mono Vista CDP,321696.75
0648648,Monrovia city,827542.5
0648676,Monson CDP,263504.0
0648690,Montague city,187061.0
0648718,Montalvin Manor CDP,510161.0
0648760,Montara CDP,1440043.0
0648788,Montclair city,510748.5
0648816,Montebello city,652513.5
0648844,Montecito CDP,3169424.75
0648872,Monterey city,931929.0
0648914,Monterey Park city,768963.5
0648916,Monterey Park Tract CDP,312668.0
0648928,Monte Rio CDP,500451.5
0648956,Monte Sereno city,3033169.0
0648998,Montgomery Creek CDP,257049.5
0649045,Monument Hills CDP,685085.0
0649138,Moorpark city,694622.75
0649180,Morada CDP,594585.0
0649187,Moraga town,1499844.0
0649270,Moreno Valley city,413357.5
0649278,Morgan Hill city,1085537.0
0649348,Morongo Valley CDP,262732.5
0649362,Morro Bay city,745741.0
0649432,Moskowite Corner CDP,814371.0
0649446,Moss Beach CDP,1385967.0
0649488,Moss Landing CDP,617614.5
0649544,Mountain Center CDP,254482.0
0649558,Mountain Gate CDP,255743.0
0649582,Mountain House CDP,787663.5
0649600,Mountain Mesa CDP,204446.5
0649628,Mountain Ranch CDP,383417.5
0649651,Mountain View CDP,566270.5
0649670,Mountain View city,1881493.75
0649684,Mountain View Acres CDP,300282.5
0649768,Mount Hebron CDP,122923.5
0649796,Mount Hermon CDP,755532.0
0649852,Mount Shasta city,294148.25
0649950,Muir Beach CDP,1726749.0
0650034,Murphys CDP,441865.5
0650076,Murrieta city,538738.5
0650132,Muscoy CDP,330031.75
0650188,Myrtletown CDP,340127.0
0650258,Napa city,721244.0
0650398,National City city,511142.0
0650734,Needles city,176950.25
0650874,Nevada City city,530966.75
0650916,Newark city,1006393.5
0651000,Newcastle CDP,557676.0
0651028,New Cuyama CDP,301562.5
0651042,Newell CDP,325305.0
0651140,Newman city,336050.5
0651182,Newport Beach city,2166433.0
0651280,Nicasio CDP,1434711.5
0651294,Nice CDP,161124.0
0651336,Nicolaus CDP,485403.25
0651392,Niland CDP,82803.0
0651470,Nipinnawasee CDP,364931.75
0651476,Nipomo CDP,606731.0
0651560,Norco city,640280.0
0651574,Nord CDP,308550.0
0651622,Norris Canyon CDP,2407152.0
0651637,North Auburn CDP,473826.0
0651812,North Edwards CDP,158629.0
0651820,North El Monte CDP,775948.0
0651840,North Fair Oaks CDP,1306082.0
0651890,North Gate CDP,1828667.25
0651924,North Highlands CDP,333203.75
0651990,North Lakeport CDP,340824.5
0652162,North Richmond CDP,475574.5
0652246,North San Juan CDP,367460.5
0652302,North Shore CDP,224468.0
0652379,North Tustin CDP,1127111.5
0652526,Norwalk city,580934.5
0652582,Novato city,904744.0
0652624,Nuevo CDP,407903.0
0652694,Oakdale city,369064.0
0652715,Oak Glen CDP,671317.5
0652760,Oak Hills CDP,471601.0
0652764,Oakhurst CDP,304706.5
0653000,Oakland city,807832.5
0653070,Oakley city,590119.0
0653116,Oak Park CDP,918671.75
0653160,Oak Shores CDP,513643.25
0653182,Oak View CDP,652582.0
0653196,Oakville CDP,1040803.5
0653224,Oasis CDP,237547.0
0653266,Occidental CDP,906612.0
0653294,Oceano CDP,522815.75
0653322,Oceanside city,657991.0
0653378,Ocotillo CDP,120333.5
0653448,Oildale CDP,179691.0
0653476,Ojai city,876371.5
0653490,Olancha CDP,285206.5
0653505,Old Fig Garden CDP,433448.0
0653602,Old Station CDP,182002.5
0653714,Olivehurst CDP,260263.0
0653896,Ontario city,499713.0
0653910,Onyx CDP,137532.75
0653924,Pleasure Point CDP,1186480.0
0653980,Orange city,797084.0
0654008,Orange Cove city,189783.0
0654092,Orangevale CDP,471985.25
0654120,Orcutt CDP,500440.5
0654232,Orinda city,1690062.0
0654274,Orland city,268493.0
0654372,Orosi CDP,211997.0
0654386,Oroville city,249437.0
0654388,Oroville East CDP,270655.5
0654652,Oxnard city,565210.0
0654764,Pacheco CDP,573544.0
0654806,Pacifica city,1192339.25
0654848,Pacific Grove city,1104082.0
0655044,Pajaro CDP,564025.75
0655048,Pajaro Dunes CDP,1371287.0
0655086,Palermo CDP,257950.75
0655156,Palmdale city,397867.0
0655184,Palm Desert city,424052.75
0655254,Palm Springs city,615900.5
0655282,Palo Alto city,2848539.0
0655296,Palo Cedro CDP,416167.25
0655380,Palos Verdes Estates city,2020186.0
0655422,Palo Verde CDP,127247.0
0655506,Panorama Heights CDP,179228.5
0655520,Paradise town,346047.25
0655528,Paradise CDP,639040.0
0655604,Paradise Park CDP,1025247.75
0655618,Paramount city,575202.5
0655728,Parklawn CDP,262491.75
0655751,Parksdale CDP,252180.75
0655800,Parkway CDP,336615.0
0655842,Parkwood CDP,247597.5
0655856,Parlier city,223771.25
0656000,Pasadena city,992349.5
0656028,Pasatiempo CDP,1511196.0
0656112,Patterson city,416102.5
0656120,Patterson Tract CDP,274620.75
0656140,Patton Village CDP,97122.0
0656196,Paynes Creek CDP,240600.5
0656294,Pearsonville CDP,110937.0
0656350,Pedley CDP,510298.0
0656476,Penngrove CDP,920295.0
0656518,Penn Valley CDP,388012.0
0656546,Penryn CDP,656062.75
0656700,Perris city,366179.0
0656756,Pescadero CDP,1406273.5
0656784,Petaluma city,739666.0
0656798,Peters CDP,560394.0
0656826,Phelan CDP,331583.25
0656868,Philo CDP,471700.0
0656870,Phoenix Lake CDP,451431.25
0656924,Pico Rivera city,574781.0
0656938,Piedmont city,1934218.5
0657011,Pierpoint CDP,257584.5
0657036,Pike CDP,379540.0
0657070,Pine Canyon CDP,472421.0
0657134,Pine Flat CDP,232616.0
0657148,Pine Grove CDP,350783.5
0657204,Pine Hills CDP,389709.75
0657240,Pine Mountain Club CDP,315822.0
0657244,Pine Mountain Lake CDP,332825.5
0657260,Pine Valley CDP,571215.0
0657288,Pinole city,675792.0
0657302,Pion Hills CDP,329799.25
0657330,Pioneer CDP,294039.0
0657372,Piru CDP,434484.25
0657414,Pismo Beach city,976178.75
0657456,Pittsburg city,498118.5
0657512,Pixley CDP,180745.0
0657526,Placentia city,789761.5
0657540,Placerville city,425566.5
0657568,Plainview CDP,156553.5
0657582,Planada CDP,222192.25
0657764,Pleasant Hill city,907798.0
0657792,Pleasanton city,1238018.5
0657828,Plumas Eureka CDP,424520.0
0657829,Plumas Lake CDP,443084.0
0657834,Plymouth city,342794.25
0657876,Point Arena city,576515.75
0657960,Point Reyes Station CDP,1283346.5
0658030,Pollock Pines CDP,359884.0
0658072,Pomona city,503668.5
0658134,Ponderosa CDP,315220.5
0658191,Poplar-Cotton Center CDP,181969.5
0658226,Port Costa CDP,660825.75
0658240,Porterville city,234068.0
0658296,Port Hueneme city,525195.25
0658352,Portola city,351383.0
0658380,Portola Valley town,3788551.5
0658422,Posey CDP,243182.0
0658436,Poso Park CDP,240327.0
0658478,Potrero CDP,413128.0
0658506,Potter Valley CDP,533618.5
0658520,Poway city,821542.25
0658618,Prattville CDP,343969.0
0658758,Princeton CDP,258520.0
0658814,Proberta CDP,214893.0
0658870,Prunedale CDP,730134.0
0659052,Quartz Hill CDP,425692.5
0659080,Quincy CDP,380569.5
0659115,Rackerby CDP,290523.5
0659220,Rail Road Flat CDP,382513.0
0659248,Rainbow CDP,632028.5
0659290,Raisin City CDP,278570.0
0659346,Ramona CDP,618103.0
0659426,Rancho Calaveras CDP,399502.5
0659444,Rancho Cordova city,395496.5
0659451,Rancho Cucamonga city,612725.0
0659500,Rancho Mirage city,711337.0
0659506,Rancho Murieta CDP,610688.0
0659514,Rancho Palos Verdes city,1493746.75
0659550,Rancho San Diego CDP,813499.75
0659584,Rancho Santa Fe CDP,2448770.0
0659587,Rancho Santa Margarita city,785133.0
0659604,Rancho Tehama Reserve CDP,206658.75
0659892,Red Bluff city,217555.5
0659896,Red Corral CDP,355728.5
0659906,Redcrest CDP,311608.0
0659920,Redding city,306820.0
0659962,Redlands city,498091.0
0660018,Redondo Beach city,1238537.75
0660088,Redway CDP,318022.75
0660102,Redwood City city,1717077.5
0660214,Redwood Valley CDP,534661.0
0660242,Reedley city,255958.0
0660279,Reliez Valley CDP,1250419.5
0660466,Rialto city,429771.5
0660592,Richfield CDP,278705.0
0660620,Richmond city,570391.0
0660662,Richvale CDP,261043.5
0660704,Ridgecrest city,217773.0
0660706,Ridgemark CDP,788355.25
0660900,Rio Dell city,266676.25
0660928,Rio del Mar CDP,1228216.0
0660942,Rio Linda CDP,393422.0
0660970,Rio Oso CDP,447099.0
0660984,Rio Vista city,426320.0
0661012,Ripley CDP,153984.25
0661026,Ripon city,504969.5
0661068,Riverbank city,384599.75
0661096,Riverdale CDP,226726.0
0661106,Riverdale Park CDP,289974.25
0661124,River Pines CDP,430016.0
0662000,Riverside city,463363.5
0662200,Robinson Mill CDP,309610.5
0662364,Rocklin city,590360.5
0662490,Rodeo CDP,571064.25
0662496,Rodriguez Camp CDP,271399.0
0662546,Rohnert Park city,588582.5
0662602,Rolling Hills city,3363371.0
0662625,Rolling Hills CDP,462786.0
0662644,Rolling Hills Estates city,1625065.25
0662700,Rollingwood CDP,506669.5
0662756,Romoland CDP,443193.0
0662826,Rosamond CDP,295611.0
0662854,Rosedale CDP,478300.75
0662860,Rose Hills CDP,908618.5
0662868,Roseland CDP,528225.5
0662896,Rosemead city,751635.0
0662910,Rosemont CDP,410370.0
0662938,Roseville city,533845.0
0662980,Ross town,2791903.5
0663050,Rossmoor CDP,1240683.0
0663106,Rough and Ready CDP,464735.0
0663148,Round Valley CDP,466638.0
0663168,Rouse CDP,264553.5
0663218,Rowland Heights CDP,718129.0
0663260,Rubidoux CDP,423105.0
0663316,Running Springs CDP,335504.0
0663386,Ruth CDP,261406.0
0663400,Rutherford CDP,1486821.0
0664000,Sacramento city,444403.0
0664140,St. Helena city,1524381.75
0664210,Salida CDP,400268.0
0664224,Salinas city,539237.0
0664252,Salmon Creek CDP,677631.0
0664294,Salton City CDP,173531.0
0664308,Salton Sea Beach CDP,102077.0
0664420,San Andreas CDP,293157.0
0664434,San Anselmo town,1342215.0
0664462,San Antonio Heights CDP,850041.5
0664476,San Ardo CDP,328769.0
0665000,San Bernardino city,348979.5
0665028,San Bruno city,1258447.0
0665042,San Buenaventura (Ventura) city,713052.75
0665070,San Carlos city,2088334.0
0665084,San Clemente city,1109168.0
0665112,Sand City city,683182.75
0666000,San Diego city,774169.0
0666004,San Diego Country Estates CDP,655043.5
0666070,San Dimas city,680199.0
0666140,San Fernando city,594090.0
0667000,San Francisco city,1413134.5
0667042,San Gabriel city,846907.0
0667056,Sanger city,261454.0
0667070,San Geronimo CDP,1447833.5
0667112,San Jacinto city,335988.5
0668000,San Jose city,1177306.5
0668014,San Juan Bautista city,645420.25
0668028,San Juan Capistrano city,900475.0
0668084,San Leandro city,770618.0
0668112,San Lorenzo CDP,757685.5
0668140,San Lucas CDP,280181.25
0668154,San Luis Obispo city,778293.0
0668196,San Marcos city,670301.5
0668224,San Marino city,2314171.5
0668238,San Martin CDP,1312735.0
0668252,San Mateo city,1596559.25
0668263,San Miguel CDP,1398089.0
0668266,San Miguel CDP,429593.0
0668294,San Pablo city,501551.0
0668308,San Pasqual CDP,1192809.0
0668364,San Rafael city,1183738.0
0668378,San Ramon city,1281078.75
0668434,San Simeon CDP,434993.5
0669000,Santa Ana city,615442.0
0669070,Santa Barbara city,1243684.25
0669084,Santa Clara city,1352779.0
0669088,Santa Clarita city,645483.5
0669112,Santa Cruz city,1072721.0
0669154,Santa Fe Springs city,583955.75
0669182,Santa Margarita CDP,601019.75
0669196,Santa Maria city,425235.75
0670000,Santa Monica city,1816182.75
0670028,Santa Nella CDP,320756.25
0670042,Santa Paula city,509737.5
0670098,Santa Rosa city,619892.5
0670130,Santa Rosa Valley CDP,1610089.5
0670140,Santa Susana CDP,617851.0
0670154,Santa Venetia CDP,893741.0
0670182,Santa Ynez CDP,1057248.0
0670224,Santee city,633219.5
0670266,Saranap CDP,1305594.0
0670280,Saratoga city,2904783.5
0670322,Saticoy CDP,472179.5
0670336,Sattley CDP,281137.0
0670364,Sausalito city,1590575.0
0670588,Scotts Valley city,1152888.5
0670644,Seacliff CDP,1027165.0
0670686,Seal Beach city,1275209.0
0670712,Sea Ranch CDP,887389.0
0670728,Searles Valley CDP,48503.75
0670742,Seaside city,608289.25
0670770,Sebastopol city,746814.0
0670798,Seeley CDP,209506.0
0670882,Selma city,243318.25
0670966,Sequoia Crest CDP,242703.0
0671000,Sereno del Mar CDP,890690.0
0671078,Seville CDP,179381.5
0671084,Shackelford CDP,264544.0
0671106,Shafter city,238431.25
0671134,Shandon CDP,374886.25
0671218,Shasta CDP,455821.0
0671225,Shasta Lake city,231843.0
0671246,Shaver Lake CDP,406400.0
0671362,Shell Ridge CDP,1262405.5
0671372,Shelter Cove CDP,366503.0
0671414,Sheridan CDP,393140.0
0671554,Shingle Springs CDP,579901.25
0671568,Shingletown CDP,240905.0
0671774,Sierra Brooks CDP,266982.0
0671778,Sierra City CDP,329076.0
0671806,Sierra Madre city,1116128.0
0671834,Sierra Village CDP,328956.5
0671876,Signal Hill city,732128.0
0671927,Silverado Resort CDP,1546767.25
0671964,Silver Lakes CDP,305931.0
0672016,Simi Valley city,676527.0
0672086,Sisquoc CDP,474137.5
0672156,Sky Valley CDP,303651.75
0672184,Sleepy Hollow CDP,1983350.75
0672282,Smartsville CDP,316922.0
0672338,Smith Corner CDP,175447.75
0672380,Smith River CDP,274599.0
0672408,Snelling CDP,251323.5
0672478,Soda Bay CDP,269673.5
0672506,Solana Beach city,1676304.5
0672520,Soledad city,471594.0
0672576,Solvang city,867333.0
0672646,Sonoma city,849742.75
0672674,Sonora city,312253.0
0672688,Soquel CDP,1004699.75
0672772,Soulsbyville CDP,342582.0
0672954,South Dos Palos CDP,265744.5
0672996,South El Monte city,585902.0
0673080,South Gate city,565906.0
0673108,South Lake Tahoe city,495766.0
0673167,South Monrovia Island CDP,605303.0
0673178,South Oroville CDP,172900.0
0673220,South Pasadena city,1384499.75
0673262,South San Francisco city,1175910.5
0673276,South San Gabriel CDP,697687.5
0673290,South San Jose Hills CDP,520026.0
0673388,South Taft CDP,120499.0
0673430,South Whittier CDP,617520.5
0673554,Spaulding CDP,132946.25
0673612,Spreckels CDP,633307.5
0673690,Spring Valley CDP,218280.0
0673696,Spring Valley CDP,620206.0
0673700,Spring Valley Lake CDP,376678.5
0673710,Springville CDP,248632.0
0673794,Squaw Valley CDP,262443.0
0673815,Squirrel Mountain Valley CDP,268028.0
0673868,Stallion Springs CDP,356258.0
0673906,Stanford CDP,2603150.0
0673962,Stanton city,621718.0
0674130,Stevenson Ranch CDP,928680.5
0674144,Stevinson CDP,268688.0
0674172,Stinson Beach CDP,2213000.0
0675000,Stockton city,342400.0
0675154,Stonyford CDP,321865.0
0675252,Stratford CDP,171308.25
0675280,Strathmore CDP,195558.0
0675315,Strawberry CDP,1781593.25
0675596,Sugarloaf Village CDP,255166.0
0675630,Suisun City city,468041.0
0675672,Sultana CDP,357287.5
0675714,Summerland CDP,2882253.5
0675994,Sunnyside CDP,385113.0
0676015,Sunnyside-Tahoe City CDP,770590.5
0676022,Sunnyslope CDP,512547.5
0676040,Sunny Slopes CDP,619905.5
0677000,Sunnyvale city,1746639.25
0677042,Sunol CDP,1126188.5
0677126,Sunset Beach CDP,614919.0
0677308,Sun Village CDP,353932.0
0677364,Susanville city,161785.25
0677378,Sutter CDP,347221.0
0677392,Sutter Creek city,384392.5
0677430,Swall Meadows CDP,793056.5
0677574,Taft city,172622.0
0677588,Taft Heights CDP,148927.75
0677595,Taft Mosswood CDP,297006.0
0677700,Tahoe Vista CDP,770127.5
0677728,Tahoma CDP,675849.0
0677784,Talmage CDP,497331.0
0677805,Tamalpais-Homestead Valley CDP,1555132.0
0677924,Tara Hills CDP,615948.5
0677960,Tarpey Village CDP,282450.75
0678008,Taylorsville CDP,403440.5
0678050,Tecopa CDP,327445.5
0678092,Tehachapi city,263214.5
0678120,Temecula city,568214.5
0678126,Temelec CDP,628818.0
0678134,Temescal Valley CDP,579841.0
0678148,Temple City city,929259.5
0678162,Templeton CDP,618876.75
0678176,Tennant CDP,135478.5
0678232,Terminous CDP,342168.5
0678288,Terra Bella CDP,204917.5
0678336,Teviston CDP,189606.0
0678456,Thermal CDP,246368.0
0678470,Thermalito CDP,243515.0
0678568,Thornton CDP,421168.5
0678582,Thousand Oaks city,838230.0
0678596,Thousand Palms CDP,263856.0
0678638,Three Rivers CDP,404618.0
0678652,Three Rocks CDP,132903.0
0678666,Tiburon town,2423585.75
0678715,Timber Cove CDP,728610.0
0678750,Tipton CDP,183228.0
0678890,Tomales CDP,582775.5
0678932,Tonyville CDP,155835.0
0678949,Tooleville CDP,152085.75
0678960,Topanga CDP,1423135.5
0679030,Topaz CDP,249608.5
0679529,Toro Canyon CDP,1878905.75
0680000,Torrance city,979393.75
0680238,Tracy city,555371.75
0680266,Tranquillity CDP,275879.0
0680280,Traver CDP,195602.5
0680364,Tres Pinos CDP,896288.5
0680448,Trinidad city,536842.0
0680476,Trinity Center CDP,189781.0
0680560,Trowbridge CDP,496129.25
0680588,Truckee town,753313.5
0680644,Tulare city,228694.0
0680686,Tulelake city,89623.0
0680763,Tuolumne City CDP,258423.0
0680812,Turlock city,396809.0
0680854,Tustin city,808703.0
0680882,Tuttle CDP,443275.0
0680896,Tuttletown CDP,328221.25
0680966,Twain Harte CDP,346019.0
0680994,Twentynine Palms city,206461.0
0681050,Twin Lakes CDP,1163418.5
0681134,Ukiah city,427556.0
0681204,Union City city,973112.0
0681344,Upland city,634001.0
0681358,Upper Lake CDP,313249.0
0681554,Vacaville city,523932.0
0681638,Valinda CDP,586947.0
0681652,Vallecito CDP,357148.0
0681666,Vallejo city,462271.0
0681708,Valle Vista CDP,299151.75
0681722,Valley Acres CDP,187992.5
0681736,Valley Center CDP,741040.0
0681792,Valley Home CDP,456127.0
0681869,Valley Ranch CDP,742703.0
0681890,Valley Springs CDP,399740.5
0681967,Val Verde CDP,502056.0
0682086,Vandenberg Village CDP,502731.75
0682422,Vernon city,647638.5
0682562,Victor CDP,519623.75
0682590,Victorville city,322114.0
0682667,View Park-Windsor Hills CDP,1060824.0
0682744,Villa Park city,1556726.0
0682814,Vincent CDP,569263.0
0682842,Vine Hill CDP,570814.0
0682852,Vineyard CDP,494890.0
0682954,Visalia city,280402.75
0682996,Vista city,615492.0
0683085,Vista Santa Rosa CDP,354948.0
0683094,Volcano CDP,378522.25
0683108,Volta CDP,343898.0
0683215,Contra Costa Centre CDP,836030.0
0683262,Walker CDP,272619.0
0683304,Wallace CDP,610184.5
0683332,Walnut city,884295.25
0683346,Walnut Creek city,1145251.5
0683374,Walnut Grove CDP,383138.25
0683402,Walnut Park CDP,556322.0
0683460,Warm Springs CDP,365368.0
0683542,Wasco city,208554.0
0683612,Waterford city,338680.0
0683626,Waterloo CDP,603387.75
0683668,Watsonville city,613029.25
0683724,Waukena CDP,250692.25
0683766,Wawona CDP,393523.0
0683850,Weed city,184591.0
0683863,Weedpatch CDP,155054.5
0683948,Weldon CDP,144186.75
0684116,West Athens CDP,618267.5
0684120,West Bishop CDP,451895.75
0684144,West Carson CDP,674245.5
0684200,West Covina city,653073.0
0684345,West Goshen CDP,225014.0
0684385,Westhaven-Moonstone CDP,516369.0
0684410,West Hollywood city,1389503.5
0684438,Westlake Village city,1208210.0
0684480,Westley CDP,334643.0
0684536,West Menlo Park CDP,2737994.5
0684550,Westminster city,750851.0
0684578,West Modesto CDP,264424.0
0684592,Westmont CDP,600922.5
0684680,West Park CDP,302861.0
0684732,West Point CDP,259749.5
0684774,West Puente Valley CDP,567397.0
0684780,West Rancho Dominguez CDP,512740.5
0684816,West Sacramento city,401315.5
0684921,West Whittier-Los Nietos CDP,593360.5
0685012,Wheatland city,333704.0
0685086,Whitehawk CDP,891243.0
0685206,Whitewater CDP,238665.75
0685222,Whitley Gardens CDP,525550.0
0685292,Whittier city,689347.0
0685446,Wildomar city,431270.0
0685551,Wilkerson CDP,376475.0
0685586,Williams city,339307.5
0685600,Willits city,351267.0
0685614,Willowbrook CDP,485877.0
0685642,Willow Creek CDP,292900.75
0685684,Willows city,242836.0
0685880,Wilton CDP,739431.75
0685894,Winchester CDP,331793.25
0685922,Windsor town,688878.5
0685992,Winter Gardens CDP,605839.25
0686020,Winterhaven CDP,128212.0
0686034,Winters city,458317.75
0686076,Winton CDP,271978.0
0686174,Wofford Heights CDP,179649.75
0686216,Woodacre CDP,1104162.5
0686230,Woodbridge CDP,427978.5
0686244,Woodcrest CDP,617184.0
0686300,Woodlake city,221171.25
0686328,Woodland city,439853.0
0686380,Woodlands CDP,926556.0
0686440,Woodside town,3348777.75
0686482,Woodville CDP,161404.5
0686594,Wrightwood CDP,365808.0
0686678,Yankee Hill CDP,296129.5
0686734,Yettem CDP,181933.0
0686804,Yolo CDP,702459.0
0686832,Yorba Linda city,950248.0
0686878,Yosemite Lakes CDP,336105.0
0686930,Yountville city,1248863.5
0686944,Yreka city,214719.25
0686972,Yuba City city,364961.5
0687042,Yucaipa city,436571.25
0687056,Yucca Valley town,293680.0
0687090,Zayante CDP,692179.0
0699999, ,443639.0
